test_example_id,predicted_category
0,Male
1,Male
2,Male
3,Male
4,Female
5,Male
6,Male
7,Male
8,Female
9,Male
10,Male
11,Male
12,Female
13,Male
14,Female
15,Male
16,Male
17,Male
18,Male
19,Male
20,Male
21,Female
22,Female
23,Male
24,Female
25,Male
26,Male
27,Male
28,Male
29,Male
30,Male
31,Female
32,Male
33,Female
34,Male
35,Male
36,Male
37,Female
38,Male
39,Male
40,Female
41,Male
42,Female
43,Male
44,Male
45,Female
46,Male
47,Male
48,Male
49,Female
50,Male
51,Male
52,Female
53,Male
54,Male
55,Female
56,Male
57,Male
58,Male
59,Male
60,Male
61,Male
62,Male
63,Female
64,Male
65,Male
66,Male
67,Male
68,Male
69,Male
70,Male
71,Male
72,Male
73,Male
74,Male
75,Male
76,Male
77,Male
78,Male
79,Male
80,Male
81,Male
82,Male
83,Female
84,Male
85,Female
86,Female
87,Female
88,Male
89,Male
90,Female
91,Female
92,Male
93,Female
94,Male
95,Male
96,Male
97,Male
98,Male
99,Male
100,Male
101,Female
102,Male
103,Male
104,Male
105,Male
106,Male
107,Female
108,Female
109,Male
110,Female
111,Female
112,Female
113,Male
114,Male
115,Male
116,Male
117,Female
118,Male
119,Male
120,Female
121,Female
122,Male
123,Female
124,Male
125,Female
126,Male
127,Male
128,Male
129,Male
130,Female
131,Male
132,Male
133,Female
134,Male
135,Male
136,Male
137,Male
138,Female
139,Male
140,Female
141,Male
142,Male
143,Male
144,Male
145,Male
146,Female
147,Male
148,Male
149,Male
150,Male
151,Male
152,Male
153,Male
154,Female
155,Male
